{
  "project_info": {
    "project_number": "619699864374",
    "project_id": "androidpruebanacional",
    "storage_bucket": "androidpruebanacional.appspot.com"
  },
  "client": [
    {
      "client_info": {
        "mobilesdk_app_id": "1:619699864374:android:8cf7ecc0888a60d1e06997",
        "android_client_info": {
          "package_name": "Prueba.Nacional"
        }
      },
      "oauth_client": [],
      "api_key": [
        {
          "current_key": "AIzaSyB0rK7I77mArW_imJaw2a82t-yqS8-_fvc"
        }
      ],
      "services": {
        "appinvite_service": {
          "other_platform_oauth_client": []
        }
      }
    }
  ],
  "configuration_version": "1"
}